genus,tribe,subfamily,fmcs_species,ecos_scientific_name,ecos_common_name,ecos_esa_listing_status,ecos_esa_listing_date,listed_under_diff_name,Haag_2012_extinct,con_status_simp
Amblema,Amblemini,Ambleminae,Amblema elliottii,,,,,,,Stable
Amblema,Amblemini,Ambleminae,Amblema neislerii,Amblema neislerii,Fat threeridge (mussel),Endangered,3/16/98,,,Imperiled
Amblema,Amblemini,Ambleminae,Amblema plicata,Amblema plicata,Threeridge Mussel,Not Listed,,,,Stable
Plectomerus,Amblemini,Ambleminae,Plectomerus dombeyanus,,,,,,,Stable
Reginaia,Amblemini,Ambleminae,Reginaia apalachicola,,,,,,,Stable
Reginaia,Amblemini,Ambleminae,Reginaia ebenus,Fusconaia ebena,Ebonyshell,Not Listed,,,,Stable
Reginaia,Amblemini,Ambleminae,Reginaia rotulata,Reginaia rotulata,Round Ebonyshell,Endangered,10/10/12,,,Imperiled
Alasmidonta,Anodontini,Unioninae,Alasmidonta arcula,Alasmidonta arcula,Altamaha arc-mussel,Not Listed,,,,Stable
Alasmidonta,Anodontini,Unioninae,Alasmidonta atropurpurea,Alasmidonta atropurpurea,Cumberland elktoe,Endangered,1/10/97,,,Imperiled
Alasmidonta,Anodontini,Unioninae,Alasmidonta heterodon,Alasmidonta heterodon,Dwarf wedgemussel,Endangered,3/14/90,,,Imperiled
Alasmidonta,Anodontini,Unioninae,Alasmidonta marginata,Alasmidonta marginata,[Unnamed] elktoe,Species of Concern,,,,Stable
Alasmidonta,Anodontini,Unioninae,Alasmidonta mccordi,Alasmidonta mccordi,Coosa elktoe,Resolved Taxon,,,TRUE,Imperiled
Alasmidonta,Anodontini,Unioninae,Alasmidonta raveneliana,Alasmidonta raveneliana,Appalachian elktoe,Endangered,11/23/94,,,Imperiled
Alasmidonta,Anodontini,Unioninae,Alasmidonta robusta,Alasmidonta robusta,Carolina elktoe,Resolved Taxon,,,,Stable
Alasmidonta,Anodontini,Unioninae,Alasmidonta triangulata,Alasmidonta triangulata,Southern elktoe,Proposed Endangered,,,,Stable
Alasmidonta,Anodontini,Unioninae,Alasmidonta undulata,Alasmidonta undulata,Triangle Floater,Not Listed,,,,Stable
Alasmidonta,Anodontini,Unioninae,Alasmidonta varicosa,Alasmidonta varicosa,Brook floater,Resolved Taxon,,,,Stable
Alasmidonta,Anodontini,Unioninae,Alasmidonta viridis,Alasmidonta viridis,Slippershell Mussel,Not Listed,,,,Stable
Alasmidonta,Anodontini,Unioninae,Alasmidonta wrightiana,Alasmidonta wrightiana,Florida arc-mussel,Species of Concern,,,TRUE,Imperiled
Anodonta,Anodontini,Unioninae,Anodonta californiensis,Anodonta californiensis,California floater,Resolved Taxon,,,,Stable
Anodonta,Anodontini,Unioninae,Anodonta kennerlyi,Anodonta kennerlyi,Western Floater,Not Listed,,,,Stable
Anodonta,Anodontini,Unioninae,Anodonta nuttalliana,Anodonta nuttalliana,Winged Floater,Not Listed,,,,Stable
Anodonta,Anodontini,Unioninae,Anodonta oregonensis,Anodonta oregonensis,Oregon Floater,Not Listed,,,,Stable
Anodontoides,Anodontini,Unioninae,Anodontoides denigratus,Anodontoides denigrata,Cumberland papershell,Species of Concern,,,,Stable
Anodontoides,Anodontini,Unioninae,Anodontoides ferussacianus,Anodontoides ferussacianus,Cylindrical Papershell,Not Listed,,,,Stable
Arcidens,Anodontini,Unioninae,Arcidens confragosus,Arcidens confragosus,Rock Pocketbook,Not Listed,,,,Stable
Arcidens,Anodontini,Unioninae,Arcidens wheeleri,Arcidens wheeleri,Ouachita rock pocketbook,Endangered,10/23/91,,,Imperiled
Beringiana,Anodontini,Unioninae,Beringiana beringiana,Anodonta beringiana,Yukon Floater Mussel,Not Listed,,,,Stable
Lasmigona,Anodontini,Unioninae,Lasmigona alabamensis,,,,,,,Stable
Lasmigona,Anodontini,Unioninae,Lasmigona complanata,Lasmigona complanata,White Heelsplitter,Not Listed,,,,Stable
Lasmigona,Anodontini,Unioninae,Lasmigona compressa,,,,,,,Stable
Lasmigona,Anodontini,Unioninae,Lasmigona costata,Lasmigona costata,Fluted-Shell,Not Listed,,,,Stable
Lasmigona,Anodontini,Unioninae,Lasmigona decorata,Lasmigona decorata,Carolina heelsplitter,Endangered,6/30/93,,,Imperiled
Lasmigona,Anodontini,Unioninae,Lasmigona etowaensis,,,,,,,Stable
Lasmigona,Anodontini,Unioninae,Lasmigona holstonia,Lasmigona holstonia,Tennessee heelsplitter,Resolved Taxon,,,,Stable
Lasmigona,Anodontini,Unioninae,Lasmigona subviridis,Lasmigona subviridis,Green floater,Proposed Threatened,,,,Stable
Pegias,Anodontini,Unioninae,Pegias fabula,Pegias fabula,Littlewing pearlymussel,Endangered,11/14/88,,,Imperiled
Pseudodontoideus,Anodontini,Unioninae,Pseudodontoideus connasaugaensis,,,,,,,Stable
Pseudodontoideus,Anodontini,Unioninae,Pseudodontoideus subvexus,,,,,,,Stable
Pyganodon,Anodontini,Unioninae,Pyganodon cataracta,Pyganodon cataracta,Eastern Floater,Not Listed,,,,Stable
Pyganodon,Anodontini,Unioninae,Pyganodon fragilis,,,,,,,Stable
Pyganodon,Anodontini,Unioninae,Pyganodon gibbosa,Pyganodon gibbosa,Inflated floater,Not Listed,,,,Stable
Pyganodon,Anodontini,Unioninae,Pyganodon grandis,Pyganodon grandis,Giant Floater,Not Listed,,,,Stable
Pyganodon,Anodontini,Unioninae,Pyganodon lacustris,,,,,,,Stable
Simpsonaias,Anodontini,Unioninae,Simpsonaias ambigua,Simpsonaias ambigua,Salamander mussel,Proposed Endangered,,,,Stable
Strophitus,Anodontini,Unioninae,Strophitus pascagoulaensis,,,,,,,Stable
Strophitus,Anodontini,Unioninae,Strophitus radiatus,Anodontoides radiatus,Rayed creekshell,Not Listed,,,,Stable
Strophitus,Anodontini,Unioninae,Strophitus undulatus,Strophitus undulatus,Creeper,Not Listed,,,,Stable
Strophitus,Anodontini,Unioninae,Strophitus williamsi,,,,,,,Stable
Utterbackia,Anodontini,Unioninae,Utterbackia imbecillis,,,,,,,Stable
Utterbackia,Anodontini,Unioninae,Utterbackia peggyae,,,,,,,Stable
Utterbackia,Anodontini,Unioninae,Utterbackia peninsularis,,,,,,,Stable
Utterbackiana,Anodontini,Unioninae,Utterbackiana couperiana,,,,,,,Stable
Utterbackiana,Anodontini,Unioninae,Utterbackiana hartfieldorum,,,,,,,Stable
Utterbackiana,Anodontini,Unioninae,Utterbackiana heardi,Anodonta heardi,Apalachicola floater,Status Undefined,,,,Stable
Utterbackiana,Anodontini,Unioninae,Utterbackiana implicata,Pyganodon implicata,Alewife Floater,Not Listed,,,,Stable
Utterbackiana,Anodontini,Unioninae,Utterbackiana suborbiculata,,,,,,,Stable
Gonidea,Gonideini,Gonideinae,Gonidea angulata,Gonidea angulata,western ridged mussel,Under Review,7/27/21,,,Stable
Actinonaias,Lampsilini,Ambleminae,Actinonaias ligamentina,Ortmanniana ligamentina,Mucket,Not Listed,,,,Stable
Actinonaias,Lampsilini,Ambleminae,Actinonaias pectorosa,Ortmanniana pectorosa,pheasantshell,Status Undefined,,,,Stable
Atlanticoncha,Lampsilini,Ambleminae,Atlanticoncha ochracea,Leptodea ochracea,Tidewater Mucket,Not Listed,,,,Stable
Cambarunio,Lampsilini,Ambleminae,Cambarunio dactylus,,,,,,,Stable
Cambarunio,Lampsilini,Ambleminae,Cambarunio hesperus,,,,,,,Stable
Cambarunio,Lampsilini,Ambleminae,Cambarunio iris,Villosa iris,Rainbow,Not Listed,,,,Stable
Cambarunio,Lampsilini,Ambleminae,Cambarunio jonesii,,,,,,,Stable
Cambarunio,Lampsilini,Ambleminae,Cambarunio nebulosus,Villosa nebulosa,Alabama rainbow,Under Review,,,,Stable
Cambarunio,Lampsilini,Ambleminae,Cambarunio simus,,,,,,,Stable
Cambarunio,Lampsilini,Ambleminae,Cambarunio taeniatus,,,,,,,Stable
Cyprogenia,Lampsilini,Ambleminae,Cyprogenia aberti,Cyprogenia aberti,Western fanshell,Threatened,7/27/23,,,Imperiled
Cyprogenia,Lampsilini,Ambleminae,Cyprogenia stegaria,Cyprogenia stegaria,Fanshell,Endangered,6/21/90,,,Imperiled
Cyrtonaias,Lampsilini,Ambleminae,Cyrtonaias tampicoensis,,,,,,,Stable
Dromus,Lampsilini,Ambleminae,Dromus dromas,Dromus dromas,Dromedary pearlymussel,Endangered,6/14/76,,,Imperiled
Ellipsaria,Lampsilini,Ambleminae,Ellipsaria lineolata,Ellipsaria lineolata,Butterfly Mussel,Not Listed,,,,Stable
Epioblasma,Lampsilini,Ambleminae,Epioblasma ahlstedti,Epioblasma ahlstedti,Duck River Dartersnapper,Not Listed,,Listed under Epioblasma capsaeformis,,Imperiled
Epioblasma,Lampsilini,Ambleminae,Epioblasma arcaeformis,Epioblasma arcaeformis,Sugarspoon,Resolved Taxon,,,TRUE,Imperiled
Epioblasma,Lampsilini,Ambleminae,Epioblasma aureola,,,,,Listed under Epioblasma walkeri,,Imperiled
Epioblasma,Lampsilini,Ambleminae,Epioblasma biemarginata,Epioblasma biemarginata,Angled riffleshell,Resolved Taxon,,,TRUE,Imperiled
Epioblasma,Lampsilini,Ambleminae,Epioblasma brevidens,Epioblasma brevidens,Cumberlandian combshell,Endangered,1/10/97,,,Imperiled
Epioblasma,Lampsilini,Ambleminae,Epioblasma capsaeformis,Epioblasma capsaeformis,Oyster mussel,Endangered,1/10/97,,,Imperiled
Epioblasma,Lampsilini,Ambleminae,Epioblasma cincinnatiensis,,,,,,,Stable
Epioblasma,Lampsilini,Ambleminae,Epioblasma curtisii,Epioblasma florentina curtisii,Curtis pearlymussel,Endangered,6/14/76,,TRUE,Imperiled
Epioblasma,Lampsilini,Ambleminae,Epioblasma flexuosa,Epioblasma flexuosa,Leafshell,Resolved Taxon,,,TRUE,Imperiled
Epioblasma,Lampsilini,Ambleminae,Epioblasma florentina,Epioblasma florentina florentina,Yellow blossom (pearlymussel),Extinction,6/14/76,,TRUE,Imperiled
Epioblasma,Lampsilini,Ambleminae,Epioblasma gubernaculum,Epioblasma torulosa gubernaculum,Green blossom (pearlymussel),Extinction,6/14/76,,TRUE,Imperiled
Epioblasma,Lampsilini,Ambleminae,Epioblasma haysiana,Epioblasma haysiana,Acornshell,Resolved Taxon,,,TRUE,Imperiled
Epioblasma,Lampsilini,Ambleminae,Epioblasma lenior,Epioblasma lenior,Narrow catspaw,Resolved Taxon,,,TRUE,Imperiled
Epioblasma,Lampsilini,Ambleminae,Epioblasma lewisii,Epioblasma lewisii,Forkshell,Resolved Taxon,,,TRUE,Imperiled
Epioblasma,Lampsilini,Ambleminae,Epioblasma metastriata,Epioblasma metastriata,Upland combshell,Extinction,3/17/93,,TRUE,Imperiled
Epioblasma,Lampsilini,Ambleminae,Epioblasma obliquata,Epioblasma obliquata,Purple Cat's paw (=Purple Cat's paw pearlymussel),Endangered,7/10/90,,,Imperiled
Epioblasma,Lampsilini,Ambleminae,Epioblasma othcaloogensis,Epioblasma othcaloogensis,Southern acornshell,Extinction,3/17/93,,TRUE,Imperiled
Epioblasma,Lampsilini,Ambleminae,Epioblasma penita,Epioblasma penita,Southern combshell,Endangered,4/7/87,,,Imperiled
Epioblasma,Lampsilini,Ambleminae,Epioblasma perobliqua,Epioblasma perobliqua,White catspaw (pearlymussel),Endangered,6/14/76,,,Imperiled
Epioblasma,Lampsilini,Ambleminae,Epioblasma personata,Epioblasma personata,Round combshell,Resolved Taxon,,,TRUE,Imperiled
Epioblasma,Lampsilini,Ambleminae,Epioblasma propinqua,Epioblasma propinqua,Tennessee riffleshell,Resolved Taxon,,,TRUE,Imperiled
Epioblasma,Lampsilini,Ambleminae,Epioblasma rangiana,Epioblasma rangiana,Northern riffleshell,Endangered,1/22/93,,,Imperiled
Epioblasma,Lampsilini,Ambleminae,Epioblasma sampsonii,Epioblasma sampsoni,Sampson's pearlymussel,Extinction,6/14/76,,TRUE,Imperiled
Epioblasma,Lampsilini,Ambleminae,Epioblasma stewardsonii,Epioblasma stewardsonii,Cumberland leafshell,Resolved Taxon,,,TRUE,Imperiled
Epioblasma,Lampsilini,Ambleminae,Epioblasma torulosa,Epioblasma torulosa torulosa,Tubercled blossom (pearlymussel),Extinction,6/14/76,,TRUE,Imperiled
Epioblasma,Lampsilini,Ambleminae,Epioblasma triquetra,Epioblasma triquetra,Snuffbox mussel,Endangered,3/15/12,,,Imperiled
Epioblasma,Lampsilini,Ambleminae,Epioblasma turgidula,Epioblasma turgidula,Turgid blossom (pearlymussel),Extinction,6/14/76,,TRUE,Imperiled
Epioblasma,Lampsilini,Ambleminae,Epioblasma walkeri,Epioblasma florentina walkeri (=E. walkeri),Tan riffleshell,Endangered,9/26/77,,,Imperiled
Glebula,Lampsilini,Ambleminae,Glebula rotundata,,,,,,,Stable
Hamiota,Lampsilini,Ambleminae,Hamiota altilis,Hamiota altilis,Finelined pocketbook,Threatened,3/17/93,,,Imperiled
Hamiota,Lampsilini,Ambleminae,Hamiota australis,Hamiota australis,Southern Sandshell,Threatened,10/10/12,,,Imperiled
Hamiota,Lampsilini,Ambleminae,Hamiota perovalis,Hamiota perovalis,Orangenacre mucket,Threatened,3/17/93,,,Imperiled
Hamiota,Lampsilini,Ambleminae,Hamiota subangulata,Hamiota subangulata,Shinyrayed pocketbook,Endangered,3/16/98,,,Imperiled
Lampsilis,Lampsilini,Ambleminae,Lampsilis abrupta,Lampsilis abrupta,Pink mucket (pearlymussel),Endangered,6/14/76,,,Imperiled
Lampsilis,Lampsilini,Ambleminae,Lampsilis bergmanni,Lampsilis bergmanni,Guadalupe Fatmucket,Proposed Endangered,,,,Stable
Lampsilis,Lampsilini,Ambleminae,Lampsilis binominata,Lampsilis binominata,Lined pocketbook,Species of Concern,,,TRUE,Imperiled
Lampsilis,Lampsilini,Ambleminae,Lampsilis bracteata,Lampsilis bracteata,Texas fatmucket,Proposed Endangered,,,,Stable
Lampsilis,Lampsilini,Ambleminae,Lampsilis brittsi,,,,,,,Stable
Lampsilis,Lampsilini,Ambleminae,Lampsilis cardium,Lampsilis cardium,Plain Pocketbook,Not Listed,,,,Stable
Lampsilis,Lampsilini,Ambleminae,Lampsilis cariosa,Lampsilis cariosa,Yellow lampmussel,Species of Concern,,,,Stable
Lampsilis,Lampsilini,Ambleminae,Lampsilis dolabraeformis,,,,,,,Stable
Lampsilis,Lampsilini,Ambleminae,Lampsilis fasciola,Lampsilis fasciola,Wavyrayed Lampmussel,Not Listed,,,,Stable
Lampsilis,Lampsilini,Ambleminae,Lampsilis floridensis,,,,,,,Stable
Lampsilis,Lampsilini,Ambleminae,Lampsilis higginsii,Lampsilis higginsii,Higgins eye (pearlymussel),Endangered,6/14/76,,,Imperiled
Lampsilis,Lampsilini,Ambleminae,Lampsilis hydiana,Lampsilis hydiana,Louisiana Fatmucket,Not Listed,,,,Stable
Lampsilis,Lampsilini,Ambleminae,Lampsilis ornata,Lampsilis ornata,Southern Pocketbook,Not Listed,,,,Stable
Lampsilis,Lampsilini,Ambleminae,Lampsilis ovata,Lampsilis ovata,Pocketbook,Not Listed,,,,Stable
Lampsilis,Lampsilini,Ambleminae,Lampsilis powellii,Lampsilis powellii,Arkansas fatmucket,Threatened,4/5/90,,,Imperiled
Lampsilis,Lampsilini,Ambleminae,Lampsilis radiata,Lampsilis radiata,Eastern Lampmussel,Not Listed,,,,Stable
Lampsilis,Lampsilini,Ambleminae,Lampsilis rafinesqueana,Lampsilis rafinesqueana,Neosho Mucket,Endangered,10/17/13,,,Imperiled
Lampsilis,Lampsilini,Ambleminae,Lampsilis reeveiana,Lampsilis reeveiana,Arkansas Broken-Ray,Not Listed,,,,Stable
Lampsilis,Lampsilini,Ambleminae,Lampsilis satura,Lampsilis satura,Sandbank Pocketbook,Not Listed,,,,Stable
Lampsilis,Lampsilini,Ambleminae,Lampsilis sietmani,,,,,,,Stable
Lampsilis,Lampsilini,Ambleminae,Lampsilis siliquoidea,,,,,,,Stable
Lampsilis,Lampsilini,Ambleminae,Lampsilis splendida,,,,,,,Stable
Lampsilis,Lampsilini,Ambleminae,Lampsilis straminea,Lampsilis straminea,Rough Fatmucket,Not Listed,,,,Stable
Lampsilis,Lampsilini,Ambleminae,Lampsilis streckeri,Lampsilis streckeri,Speckled pocketbook,Endangered,2/28/89,,,Imperiled
Lampsilis,Lampsilini,Ambleminae,Lampsilis teres,Lampsilis teres,Yellow Sandshell,Not Listed,,,,Stable
Lampsilis,Lampsilini,Ambleminae,Lampsilis virescens,Lampsilis virescens,Alabama lampmussel,Endangered,6/14/76,,,Imperiled
Leaunio,Lampsilini,Ambleminae,Leaunio lienosus,,,,,,,Stable
Leaunio,Lampsilini,Ambleminae,Leaunio ortmanni,Villosa ortmanni,Kentucky creekshell,Under Review,,,,Stable
Leaunio,Lampsilini,Ambleminae,Leaunio pataecus,Leaunio pataecus,Dwarf rainbow,Not Listed,,,,Stable
Leaunio,Lampsilini,Ambleminae,Leaunio umbrans,Villosa umbrans,Coosa creekshell,Under Review,,,,Stable
Leaunio,Lampsilini,Ambleminae,Leaunio vanuxemensis,Villosa vanuxemensis,Mountain creekshell,Not Listed,,,,Stable
Lemiox,Lampsilini,Ambleminae,Lemiox rimosus,Lemiox rimosus,Birdwing pearlymussel,Endangered,6/14/76,,,Imperiled
Ligumia,Lampsilini,Ambleminae,Ligumia recta,Ligumia recta,Black Sandshell,Not Listed,,,,Stable
Medionidus,Lampsilini,Ambleminae,Medionidus acutissimus,Medionidus acutissimus,Alabama moccasinshell,Threatened,3/17/93,,,Imperiled
Medionidus,Lampsilini,Ambleminae,Medionidus conradicus,Medionidus conradicus,Cumberland moccasinshell,Proposed Endangered,,,,Stable
Medionidus,Lampsilini,Ambleminae,Medionidus parvulus,Medionidus parvulus,Coosa moccasinshell,Endangered,3/17/93,,,Imperiled
Medionidus,Lampsilini,Ambleminae,Medionidus penicillatus,Medionidus penicillatus,Gulf moccasinshell,Endangered,3/16/98,,,Imperiled
Medionidus,Lampsilini,Ambleminae,Medionidus simpsonianus,Medionidus simpsonianus,Ochlockonee moccasinshell,Endangered,3/16/98,,,Imperiled
Medionidus,Lampsilini,Ambleminae,Medionidus walkeri,Medionidus walkeri,Suwannee moccasinshell,Threatened,11/7/16,,,Imperiled
Obliquaria,Lampsilini,Ambleminae,Obliquaria reflexa,Obliquaria reflexa,Threehorn Wartyback,Not Listed,,,,Stable
Obovaria,Lampsilini,Ambleminae,Obovaria arkansasensis,,,,,,,Stable
Obovaria,Lampsilini,Ambleminae,Obovaria choctawensis,Obovaria choctawensis,Choctaw bean,Endangered,10/10/12,,,Imperiled
Obovaria,Lampsilini,Ambleminae,Obovaria haddletoni,Lampsilis haddletoni,Haddleton lampmussel,Species of Concern,,,,Stable
Obovaria,Lampsilini,Ambleminae,Obovaria olivaria,Obovaria olivaria,Hickorynut,Not Listed,,,,Stable
Obovaria,Lampsilini,Ambleminae,Obovaria retusa,Obovaria retusa,Ring pink (mussel),Endangered,9/29/89,,,Imperiled
Obovaria,Lampsilini,Ambleminae,Obovaria subrotunda,Obovaria subrotunda,Round hickorynut,Threatened,4/10/23,,,Imperiled
Obovaria,Lampsilini,Ambleminae,Obovaria unicolor,Obovaria unicolor,Alabama hickorynut,Under Review,,,,Stable
Paetulunio,Lampsilini,Ambleminae,Paetulunio fabalis,Villosa fabalis,Rayed Bean,Endangered,3/15/12,,,Imperiled
Potamilus,Lampsilini,Ambleminae,Potamilus alatus,Potamilus alatus,Pink Heelsplitter,Not Listed,,,,Stable
Potamilus,Lampsilini,Ambleminae,Potamilus amphichaenus,Potamilus amphichaenus,Texas heelsplitter,Proposed Endangered,,,,Stable
Potamilus,Lampsilini,Ambleminae,Potamilus capax,Potamilus capax,Fat pocketbook,Endangered,6/14/76,,,Imperiled
Potamilus,Lampsilini,Ambleminae,Potamilus fragilis,Leptodea fragilis,Fragile Papershell,Not Listed,,,,Stable
Potamilus,Lampsilini,Ambleminae,Potamilus inflatus,Potamilus inflatus,Inflated heelsplitter,Threatened,9/28/90,,,Imperiled
Potamilus,Lampsilini,Ambleminae,Potamilus leptodon,Leptodea leptodon,Scaleshell mussel,Endangered,10/9/01,,,Imperiled
Potamilus,Lampsilini,Ambleminae,Potamilus metnecktayi,Potamilus metnecktayi,salina mucket,Proposed Endangered,,,,Stable
Potamilus,Lampsilini,Ambleminae,Potamilus ohiensis,Potamilus ohiensis,Pink Papershell,Not Listed,,,,Stable
Potamilus,Lampsilini,Ambleminae,Potamilus purpuratus,Potamilus purpuratus,Bleufer,Not Listed,,,,Stable
Potamilus,Lampsilini,Ambleminae,Potamilus streckersoni,,,,,,,Stable
Ptychobranchus,Lampsilini,Ambleminae,Ptychobranchus fasciolaris,Ptychobranchus fasciolaris,Kidneyshell,Not Listed,,,,Stable
Ptychobranchus,Lampsilini,Ambleminae,Ptychobranchus foremanianus,,,,,listed under Ptychobranchus greenii,,Imperiled
Ptychobranchus,Lampsilini,Ambleminae,Ptychobranchus greenii,Ptychobranchus greenii,Triangular Kidneyshell,Endangered,3/17/93,,,Imperiled
Ptychobranchus,Lampsilini,Ambleminae,Ptychobranchus jonesi,Ptychobranchus jonesi,Southern kidneyshell,Endangered,10/10/12,,,Imperiled
Ptychobranchus,Lampsilini,Ambleminae,Ptychobranchus occidentalis,Ptychobranchus occidentalis,Ouachita kidneyshell,Species of Concern,,,,Stable
Ptychobranchus,Lampsilini,Ambleminae,Ptychobranchus subtentus,Ptychobranchus subtentus,Fluted kidneyshell,Endangered,10/28/13,,,Imperiled
Sagittunio,Lampsilini,Ambleminae,Sagittunio aldermani,,,,,,,Stable
Sagittunio,Lampsilini,Ambleminae,Sagittunio nasutus,Ligumia nasuta,Eastern Pondmussel,Not Listed,,,,Stable
Sagittunio,Lampsilini,Ambleminae,Sagittunio subrostratus,,,,,,,Stable
Sagittunio,Lampsilini,Ambleminae,Sagittunio vaughanianus,Villosa vaughaniana,Carolina creekshell,Species of Concern,,,,Stable
Toxolasma,Lampsilini,Ambleminae,Toxolasma corvunculus,Toxolasma corvunculus,Southern Purple Lilliput,Under Review,,,,Stable
Toxolasma,Lampsilini,Ambleminae,Toxolasma cylindrellus,Toxolasma cylindrellus,Pale lilliput (pearlymussel),Endangered,6/14/76,,,Imperiled
Toxolasma,Lampsilini,Ambleminae,Toxolasma lividum,Toxolasma lividum,purple lilliput,Resolved Taxon,9/29/20,,,Stable
Toxolasma,Lampsilini,Ambleminae,Toxolasma parvum,Toxolasma parvus,Lilliput,Not Listed,,,,Stable
Toxolasma,Lampsilini,Ambleminae,Toxolasma paulum,,,,,,,Stable
Toxolasma,Lampsilini,Ambleminae,Toxolasma pullus,Toxolasma pullus,Savannah lilliput,Status Undefined,,,,Stable
Toxolasma,Lampsilini,Ambleminae,Toxolasma texasiense,,,,,,,Stable
Truncilla,Lampsilini,Ambleminae,Truncilla cognata,Truncilla cognata,Mexican fawnsfoot,Proposed Endangered,,,,Stable
Truncilla,Lampsilini,Ambleminae,Truncilla donaciformis,Truncilla donaciformis,Fawnsfoot Mussel,Not Listed,,,,Stable
Truncilla,Lampsilini,Ambleminae,Truncilla macrodon,Truncilla macrodon,Texas fawnsfoot,Proposed Threatened,,,,Stable
Truncilla,Lampsilini,Ambleminae,Truncilla truncata,Truncilla truncata,Deertoe,Not Listed,,,,Stable
Venustaconcha,Lampsilini,Ambleminae,Venustaconcha constricta,Villosa constricta,Notched Rainbow,Not Listed,,,,Stable
Venustaconcha,Lampsilini,Ambleminae,Venustaconcha ellipsiformis,Venustaconcha ellipsiformis,Ellipse Mussel,Not Listed,,,,Stable
Venustaconcha,Lampsilini,Ambleminae,Venustaconcha pleasii,Venustaconcha pleasii,Bleedingtooth Mussel,Not Listed,,,,Stable
Venustaconcha,Lampsilini,Ambleminae,Venustaconcha trabalis,Villosa trabalis,Cumberland bean (pearlymussel),Endangered,6/14/76,,,Imperiled
Venustaconcha,Lampsilini,Ambleminae,Venustaconcha troostensis,,,,,Listed under Venustaconcha trabalis,,Imperiled
Villosa,Lampsilini,Ambleminae,Villosa amygdalum,,,,,,,Stable
Villosa,Lampsilini,Ambleminae,Villosa delumbis,Villosa delumbis,Eastern Creekshell,Not Listed,,,,Stable
Villosa,Lampsilini,Ambleminae,Villosa vibex,,,,,,,Stable
Villosa,Lampsilini,Ambleminae,Villosa villosa,,,,,,,Stable
Cumberlandia,Margaritiferinae,Margaritiferinae,Cumberlandia monodonta,Cumberlandia monodonta,Spectaclecase (mussel),Endangered,4/12/12,,,Imperiled
Margaritifera,Margaritiferinae,Margaritiferinae,Margaritifera falcata,Margaritifera falcata,Western Pearlshell,Not Listed,,,,Stable
Margaritifera,Margaritiferinae,Margaritiferinae,Margaritifera hembeli,Margaritifera hembeli,Louisiana pearlshell,Threatened,2/5/88,,,Imperiled
Margaritifera,Margaritiferinae,Margaritiferinae,Margaritifera margaritifera,Margaritifera margaritifera,Eastern Pearlshell,Not Listed,,,,Stable
Margaritifera,Margaritiferinae,Margaritiferinae,Margaritifera marrianae,Margaritifera marrianae,Alabama pearlshell,Endangered,10/10/12,,,Imperiled
Elliptio,Pleurobemini,Ambleminae,Elliptio ahenea,Elliptio ahenea,Southern lance,Status Undefined,,,,Stable
Elliptio,Pleurobemini,Ambleminae,Elliptio angustata,,,,,,,Stable
Elliptio,Pleurobemini,Ambleminae,Elliptio arca,Elliptio arca,Alabama spike,Under Review,,,,Stable
Elliptio,Pleurobemini,Ambleminae,Elliptio arctata,Elliptio arctata,Delicate spike,Under Review,,,,Stable
Elliptio,Pleurobemini,Ambleminae,Elliptio chipolaensis,Elliptio chipolaensis,Chipola slabshell,Threatened,3/16/98,,,Imperiled
Elliptio,Pleurobemini,Ambleminae,Elliptio cistellaeformis,,,,,,,Stable
Elliptio,Pleurobemini,Ambleminae,Elliptio complanata,Elliptio complanata,Eastern Elliptio,Not Listed,,,,Stable
Elliptio,Pleurobemini,Ambleminae,Elliptio congaraea,Elliptio congaraea,Carolina Slabshell,Not Listed,,,,Stable
Elliptio,Pleurobemini,Ambleminae,Elliptio crassidens,Elliptio crassidens,Elephant-Ear,Not Listed,,,,Stable
Elliptio,Pleurobemini,Ambleminae,Elliptio dariensis,,,,,,,Stable
Elliptio,Pleurobemini,Ambleminae,Elliptio downiei,,,,,,,Stable
Elliptio,Pleurobemini,Ambleminae,Elliptio fisheriana,Elliptio fisheriana,Northern Lance,Not Listed,,,,Stable
Elliptio,Pleurobemini,Ambleminae,Elliptio folliculata,,,,,,,Stable
Elliptio,Pleurobemini,Ambleminae,Elliptio fraterna,Elliptio fraterna,Brother spike,Status Undefined,,,,Stable
Elliptio,Pleurobemini,Ambleminae,Elliptio fumata,,,,,,,Stable
Elliptio,Pleurobemini,Ambleminae,Elliptio hopetonensis,,,,,,,Stable
Elliptio,Pleurobemini,Ambleminae,Elliptio icterina,Elliptio icterina,Variable Spike,Not Listed,,,,Stable
Elliptio,Pleurobemini,Ambleminae,Elliptio jayensis,,,,,,,Stable
Elliptio,Pleurobemini,Ambleminae,Elliptio lanceolata,Elliptio lanceolata,Yellow lance,Threatened,5/3/18,,,Imperiled
Elliptio,Pleurobemini,Ambleminae,Elliptio marsupiobesa,Elliptio marsupiobesa,Cape Fear spike,Resolved Taxon,,,,Stable
Elliptio,Pleurobemini,Ambleminae,Elliptio mcmichaeli,Elliptio mcmichaeli,Fluted Elephantear,Status Undefined,,,,Stable
Elliptio,Pleurobemini,Ambleminae,Elliptio monroensis,Elliptio monroensis,St. Johns elephantear,Status Undefined,,,,Stable
Elliptio,Pleurobemini,Ambleminae,Elliptio nigella,Elliptio nigella,Winged spike,Species of Concern,,,,Stable
Elliptio,Pleurobemini,Ambleminae,Elliptio occulta,,,,,,,Stable
Elliptio,Pleurobemini,Ambleminae,Elliptio producta,,,,,,,Stable
Elliptio,Pleurobemini,Ambleminae,Elliptio pullata,,,,,,,Stable
Elliptio,Pleurobemini,Ambleminae,Elliptio purpurella,Elliptio purpurella,Inflated spike,Status Undefined,,,,Stable
Elliptio,Pleurobemini,Ambleminae,Elliptio roanokensis,Elliptio roanokensis,Roanoke Slabshell,Not Listed,,,,Stable
Elliptio,Pleurobemini,Ambleminae,Elliptio shepardiana,Elliptio shepardiana,Altamaha lance,Species of Concern,,,,Stable
Elliptio,Pleurobemini,Ambleminae,Elliptio spinosa,Elliptio spinosa,Altamaha Spinymussel,Endangered,11/10/11,,,Imperiled
Elliptoideus,Pleurobemini,Ambleminae,Elliptoideus sloatianus,Elliptoideus sloatianus,Purple bankclimber (mussel),Threatened,3/16/98,,,Imperiled
Eurynia,Pleurobemini,Ambleminae,Eurynia dilatata,Elliptio dilatata,Elliptio dilatata,Not Listed,,,,Stable
Fusconaia,Pleurobemini,Ambleminae,Fusconaia burkei,Fusconaia burkei,Tapered pigtoe,Threatened,10/10/12,,,Imperiled
Fusconaia,Pleurobemini,Ambleminae,Fusconaia cerina,,,,,,,Stable
Fusconaia,Pleurobemini,Ambleminae,Fusconaia chunii,,,,,,,Stable
Fusconaia,Pleurobemini,Ambleminae,Fusconaia cor,Fusconaia cor,Shiny pigtoe,Endangered,6/14/76,,,Imperiled
Fusconaia,Pleurobemini,Ambleminae,Fusconaia cuneolus,Fusconaia cuneolus,Finerayed pigtoe,Endangered,6/14/76,,,Imperiled
Fusconaia,Pleurobemini,Ambleminae,Fusconaia escambia,Fusconaia escambia,Narrow pigtoe,Threatened,10/10/12,,,Imperiled
Fusconaia,Pleurobemini,Ambleminae,Fusconaia flava,Fusconaia flava,Wabash Pigtoe,Not Listed,,,,Stable
Fusconaia,Pleurobemini,Ambleminae,Fusconaia iheringi,Fusconaia iheringi,Balcones spike,Under Review,,,,Stable
Fusconaia,Pleurobemini,Ambleminae,Fusconaia masoni,Fusconaia masoni,Atlantic pigtoe,Threatened,12/16/21,,,Imperiled
Fusconaia,Pleurobemini,Ambleminae,Fusconaia mitchelli,Fusconaia mitchelli,false spike,Proposed Endangered,,,,Stable
Fusconaia,Pleurobemini,Ambleminae,Fusconaia ozarkensis,Fusconaia ozarkensis,Ozark Pigtoe,Not Listed,,,,Stable
Fusconaia,Pleurobemini,Ambleminae,Fusconaia subrotunda,Fusconaia subrotunda,Longsolid,Threatened,4/10/23,,,Imperiled
Hemistena,Pleurobemini,Ambleminae,Hemistena lata,Hemistena lata,Cracking pearlymussel,Endangered,9/28/89,,,Imperiled
Parvaspina,Pleurobemini,Ambleminae,Parvaspina collina,Parvaspina collina,James spinymussel,Endangered,7/22/88,,,Imperiled
Parvaspina,Pleurobemini,Ambleminae,Parvaspina steinstansana,Parvaspina steinstansana,Tar River spinymussel,Endangered,6/27/85,,,Imperiled
Plethobasus,Pleurobemini,Ambleminae,Plethobasus cicatricosus,Plethobasus cicatricosus,White wartyback (pearlymussel),Endangered,6/14/76,,,Imperiled
Plethobasus,Pleurobemini,Ambleminae,Plethobasus cooperianus,Plethobasus cooperianus,Orangefoot pimpleback (pearlymussel),Endangered,6/14/76,,,Imperiled
Plethobasus,Pleurobemini,Ambleminae,Plethobasus cyphyus,Plethobasus cyphyus,Sheepnose Mussel,Endangered,4/12/12,,,Imperiled
Pleurobema,Pleurobemini,Ambleminae,Pleurobema athearni,Pleurobema athearni,Canoe Creek Clubshell,Endangered,8/5/22,,,Imperiled
Pleurobema,Pleurobemini,Ambleminae,Pleurobema beadleianum,,,,,,,Stable
Pleurobema,Pleurobemini,Ambleminae,Pleurobema clava,Pleurobema clava,Clubshell,Endangered,1/22/93,,,Imperiled
Pleurobema,Pleurobemini,Ambleminae,Pleurobema cordatum,Pleurobema cordatum,Ohio Pigtoe,Not Listed,,,,Stable
Pleurobema,Pleurobemini,Ambleminae,Pleurobema curtum,Pleurobema curtum,Black clubshell,Endangered,4/7/87,,TRUE,Imperiled
Pleurobema,Pleurobemini,Ambleminae,Pleurobema decisum,Pleurobema decisum,Southern clubshell,Endangered,3/17/93,,,Imperiled
Pleurobema,Pleurobemini,Ambleminae,Pleurobema fibuloides,,,,,,,Stable
Pleurobema,Pleurobemini,Ambleminae,Pleurobema georgianum,Pleurobema georgianum,Southern pigtoe,Endangered,3/17/93,,,Imperiled
Pleurobema,Pleurobemini,Ambleminae,Pleurobema hanleyianum,Pleurobema hanleyianum,Georgia pigtoe,Endangered,12/2/10,,,Imperiled
Pleurobema,Pleurobemini,Ambleminae,Pleurobema hartmanianum,,,,,,,Stable
Pleurobema,Pleurobemini,Ambleminae,Pleurobema marshalli,Pleurobema marshalli,Flat pigtoe,Extinction,4/7/87,,TRUE,Imperiled
Pleurobema,Pleurobemini,Ambleminae,Pleurobema oviforme,Pleurobema oviforme,Tennessee clubshell,Proposed Endangered,,,,Stable
Pleurobema,Pleurobemini,Ambleminae,Pleurobema perovatum,Pleurobema perovatum,Ovate clubshell,Endangered,3/17/93,,,Imperiled
Pleurobema,Pleurobemini,Ambleminae,Pleurobema plenum,Pleurobema plenum,Rough pigtoe,Endangered,6/14/76,,,Imperiled
Pleurobema,Pleurobemini,Ambleminae,Pleurobema pyriforme,Pleurobema pyriforme,Oval pigtoe,Endangered,3/16/98,,,Imperiled
Pleurobema,Pleurobemini,Ambleminae,Pleurobema riddellii,Pleurobema riddellii,Louisiana Pigtoe,Proposed Threatened,,,,Stable
Pleurobema,Pleurobemini,Ambleminae,Pleurobema rubellum,Pleurobema rubellum,Warrior pigtoe,Status Undefined,,,,Stable
Pleurobema,Pleurobemini,Ambleminae,Pleurobema rubrum,Pleurobema rubrum,pyramid pigtoe,Proposed Threatened,,,,Stable
Pleurobema,Pleurobemini,Ambleminae,Pleurobema sintoxia,Pleurobema sintoxia,Round Pigtoe,Not Listed,,,,Stable
Pleurobema,Pleurobemini,Ambleminae,Pleurobema stabile,,,,,,,Stable
Pleurobema,Pleurobemini,Ambleminae,Pleurobema strodeanum,Pleurobema strodeanum,Fuzzy pigtoe,Threatened,10/10/12,,,Imperiled
Pleurobema,Pleurobemini,Ambleminae,Pleurobema taitianum,Pleurobema taitianum,Heavy pigtoe,Endangered,4/7/87,,,Imperiled
Pleurobema,Pleurobemini,Ambleminae,Pleurobema verum,Pleurobema verum,True pigtoe,Species of Concern,,,,Stable
Pleuronaia,Pleurobemini,Ambleminae,Pleuronaia barnesiana,Pleuronaia barnesiana,Tennessee pigtoe,Proposed Endangered,,,,Stable
Pleuronaia,Pleurobemini,Ambleminae,Pleuronaia dolabelloides,Pleuronaia dolabelloides,Slabside Pearlymussel,Endangered,10/28/13,,,Imperiled
Pleuronaia,Pleurobemini,Ambleminae,Pleuronaia gibber,Pleuronaia gibber,Cumberland pigtoe,Endangered,5/7/91,,,Imperiled
Disconaias,Popenaiadini,Ambleminae,Disconaias fimbriata,,,,,,,Stable
Popenaias,Popenaiadini,Ambleminae,Popenaias popeii,Popenaias popeii,Texas Hornshell,Endangered,3/12/18,,,Imperiled
Cyclonaias,Quadrulini,Ambleminae,Cyclonaias archeri,Quadrula asperata ssp. archeri,Tallapoosa orb,Under Review,,,,Stable
Cyclonaias,Quadrulini,Ambleminae,Cyclonaias infucata,,,,,,,Stable
Cyclonaias,Quadrulini,Ambleminae,Cyclonaias kieneriana,,,,,,,Stable
Cyclonaias,Quadrulini,Ambleminae,Cyclonaias kleiniana,Quincuncina kleiniana,Suwannee Pigtoe,Status Undefined,,,,Stable
Cyclonaias,Quadrulini,Ambleminae,Cyclonaias necki,Cyclonaias necki,Guadalupe Orb,Proposed Endangered,,,,Stable
Cyclonaias,Quadrulini,Ambleminae,Cyclonaias nodulata,Cyclonaias nodulata,Wartyback,Not Listed,,,,Stable
Cyclonaias,Quadrulini,Ambleminae,Cyclonaias petrina,Cyclonaias petrina,Texas pimpleback,Proposed Endangered,,,,Stable
Cyclonaias,Quadrulini,Ambleminae,Cyclonaias pustulosa,Cyclonaias pustulosa,Pimpleback,Not Listed,,,,Stable
Cyclonaias,Quadrulini,Ambleminae,Cyclonaias succissa,,,,,,,Stable
Cyclonaias,Quadrulini,Ambleminae,Cyclonaias tuberculata,Cyclonaias tuberculata,Purple Wartyback,Not Listed,,,,Stable
Megalonaias,Quadrulini,Ambleminae,Megalonaias nervosa,Megalonaias nervosa,Washboard,Not Listed,,,,Stable
Quadrula,Quadrulini,Ambleminae,Quadrula couchiana,,,,,,TRUE,Imperiled
Quadrula,Quadrulini,Ambleminae,Quadrula fragosa,Quadrula fragosa,Winged Mapleleaf,Endangered,6/20/91,,,Imperiled
Quadrula,Quadrulini,Ambleminae,Quadrula quadrula,Quadrula quadrula,Mapleleaf,Not Listed,,,,Stable
Theliderma,Quadrulini,Ambleminae,Theliderma cylindrica,Quadrula cylindrica cylindrica,Rabbitsfoot,Threatened,10/17/13,,,Imperiled
Theliderma,Quadrulini,Ambleminae,Theliderma intermedia,Theliderma intermedia,Cumberland monkeyface (pearlymussel),Endangered,6/14/76,,,Imperiled
Theliderma,Quadrulini,Ambleminae,Theliderma johnsoni,,,,,,,Stable
Theliderma,Quadrulini,Ambleminae,Theliderma metanevra,Theliderma metanevra,Monkeyface,Not Listed,,,,Stable
Theliderma,Quadrulini,Ambleminae,Theliderma sparsa,Theliderma sparsa,Appalachian monkeyface (pearlymussel),Endangered,6/14/76,,,Imperiled
Theliderma,Quadrulini,Ambleminae,Theliderma stapes,Quadrula stapes,Stirrupshell,Extinction,4/7/87,,TRUE,Imperiled
Tritogonia,Quadrulini,Ambleminae,Tritogonia nobilis,,,,,,,Stable
Tritogonia,Quadrulini,Ambleminae,Tritogonia verrucosa,Tritogonia verrucosa,Pistolgrip,Not Listed,,,,Stable
Uniomerus,Quadrulini,Ambleminae,Uniomerus carolinianus,,,,,,,Stable
Uniomerus,Quadrulini,Ambleminae,Uniomerus columbensis,,,,,,,Stable
Uniomerus,Quadrulini,Ambleminae,Uniomerus declivis,,,,,,,Stable
Uniomerus,Quadrulini,Ambleminae,Uniomerus tetralasmus,,,,,,,Stable